-- ESX Tables

CREATE TABLE `addon_account` (
  `name` varchar(60) NOT NULL,
  `label` varchar(100) NOT NULL,
  `shared` int(11) NOT NULL
) ENGINE=InnoDB;

--
-- Dumping data for table `addon_account`
--

INSERT INTO `addon_account` (`name`, `label`, `shared`) VALUES
('caution', 'caution', 0),
('society_ambulance', 'EMS', 1),
('society_cardealer', 'Cardealer', 1),
('society_mechanic', 'Mechanic', 1),
('society_police', 'Police', 1),
('society_taxi', 'Taxi', 1);

-- --------------------------------------------------------

--
-- Table structure for table `addon_account_data`
--

CREATE TABLE `addon_account_data` (
  `id` int(11) NOT NULL,
  `account_name` varchar(100) DEFAULT NULL,
  `money` int(11) NOT NULL,
  `owner` varchar(60) DEFAULT NULL
) ENGINE=InnoDB;

--
-- Dumping data for table `addon_account_data`
--

INSERT INTO `addon_account_data` (`id`, `account_name`, `money`, `owner`) VALUES
(1, 'society_cardealer', 0, NULL),
(2, 'society_police', 0, NULL),
(3, 'society_ambulance', 0, NULL),
(4, 'society_mechanic', 0, NULL),
(5, 'society_taxi', 0, NULL);
-- --------------------------------------------------------

--
-- Table structure for table `addon_inventory`
--

CREATE TABLE `addon_inventory` (
  `name` varchar(60) NOT NULL,
  `label` varchar(100) NOT NULL,
  `shared` int(11) NOT NULL
) ENGINE=InnoDB;

--
-- Dumping data for table `addon_inventory`
--

INSERT INTO `addon_inventory` (`name`, `label`, `shared`) VALUES
('society_ambulance', 'EMS', 1),
('society_cardealer', 'Cardealer', 1),
('society_mechanic', 'Mechanic', 1),
('society_police', 'Police', 1),
('society_taxi', 'Taxi', 1);

-- --------------------------------------------------------

--
-- Table structure for table `addon_inventory_items`
--

CREATE TABLE `addon_inventory_items` (
  `id` int(11) NOT NULL,
  `inventory_name` varchar(100) NOT NULL,
  `name` varchar(100) NOT NULL,
  `count` int(11) NOT NULL,
  `owner` varchar(60) DEFAULT NULL
) ENGINE=InnoDB;

-- --------------------------------------------------------

--
-- Table structure for table `billing`
--

CREATE TABLE `billing` (
  `id` int(11) NOT NULL,
  `identifier` varchar(60) NOT NULL,
  `sender` varchar(60) NOT NULL,
  `target_type` varchar(50) NOT NULL,
  `target` varchar(40) NOT NULL,
  `label` varchar(255) NOT NULL,
  `amount` int(11) NOT NULL
) ENGINE=InnoDB;

-- --------------------------------------------------------

--
-- Table structure for table `cardealer_vehicles`
--

CREATE TABLE `cardealer_vehicles` (
  `id` int(11) NOT NULL,
  `vehicle` varchar(255) NOT NULL,
  `price` int(11) NOT NULL
) ENGINE=InnoDB;

-- --------------------------------------------------------

--
-- Table structure for table `multicharacter_slots`
--

CREATE TABLE `multicharacter_slots` (
	`identifier` VARCHAR(60) NOT NULL,
	`slots` INT(11) NOT NULL,
	PRIMARY KEY (`identifier`) USING BTREE,
	INDEX `slots` (`slots`) USING BTREE
) ENGINE=InnoDB;

-- --------------------------------------------------------

--
-- Table structure for table `datastore`
--

CREATE TABLE `datastore` (
  `name` varchar(60) NOT NULL,
  `label` varchar(100) NOT NULL,
  `shared` int(11) NOT NULL
) ENGINE=InnoDB;

--
-- Dumping data for table `datastore`
--

INSERT INTO `datastore` (`name`, `label`, `shared`) VALUES
('property', 'Property', 0),
('society_ambulance', 'EMS', 1),
('society_mechanic', 'Mechanic', 1),
('society_police', 'Police', 1),
('society_taxi', 'Taxi', 1);


INSERT INTO `datastore` (`name`, `label`, `shared`) VALUES
    ('user_ears', 'Ears', 0),
    ('user_glasses', 'Glasses', 0),
    ('user_helmet', 'Helmet', 0),
    ('user_mask', 'Mask', 0);
    
-- --------------------------------------------------------

--
-- Table structure for table `datastore_data`
--

CREATE TABLE `datastore_data` (
  `id` int(11) NOT NULL,
  `name` varchar(60) NOT NULL,
  `owner` varchar(60) DEFAULT NULL,
  `data` longtext DEFAULT NULL
) ENGINE=InnoDB;

--
-- Dumping data for table `datastore_data`
--

INSERT INTO `datastore_data` (`id`, `name`, `owner`, `data`) VALUES
(1, 'society_police', NULL, '{}'),
(2, 'society_ambulance', NULL, '{}'),
(3, 'society_mechanic', NULL, '{}'),
(4, 'society_taxi', NULL, '{}'),
(5, 'property', NULL, '{}');

-- --------------------------------------------------------

--
-- Table structure for table `items`
--

CREATE TABLE `items` (
  `name` varchar(50) NOT NULL,
  `label` varchar(50) NOT NULL,
  `weight` int(11) NOT NULL DEFAULT 1,
  `rare` tinyint(4) NOT NULL DEFAULT 0,
  `can_remove` tinyint(4) NOT NULL DEFAULT 1
) ENGINE=InnoDB;

--
-- Dumping data for table `items`
--

-- --------------------------------------------------------

--
-- Table structure for table `jobs`
--

CREATE TABLE `jobs` (
  `name` varchar(50) NOT NULL,
  `label` varchar(50) DEFAULT NULL,
  `whitelisted` tinyint(1) NOT NULL DEFAULT 0
) ENGINE=InnoDB;

--
-- Dumping data for table `jobs`
--

-- --------------------------------------------------------

--
-- Table structure for table `job_grades`
--

CREATE TABLE `job_grades` (
  `id` int(11) NOT NULL,
  `job_name` varchar(50) DEFAULT NULL,
  `grade` int(11) NOT NULL,
  `name` varchar(50) NOT NULL,
  `label` varchar(50) NOT NULL,
  `salary` int(11) NOT NULL,
  `skin_male` longtext NOT NULL,
  `skin_female` longtext NOT NULL
) ENGINE=InnoDB;

--
-- Dumping data for table `job_grades`
--

-- --------------------------------------------------------

--
-- Table structure for table `licenses`
--

CREATE TABLE `licenses` (
  `type` varchar(60) NOT NULL,
  `label` varchar(60) NOT NULL
) ENGINE=InnoDB;

--
-- Dumping data for table `licenses`
--

INSERT INTO `licenses` (`type`, `label`) VALUES
('dmv', 'Driving Permit'),
('drive', 'Drivers License'),
('drive_bike', 'Motorcycle License'),
('drive_truck', 'Commercial Drivers License'),
('weed_processing', 'Weed Processing License'),
('boat', 'Boat License');

-- --------------------------------------------------------

--
-- Table structure for table `owned_vehicles`
--

CREATE TABLE `owned_vehicles` (
  `owner` varchar(60) DEFAULT NULL,
  `plate` varchar(12) NOT NULL,
  `vehicle` longtext DEFAULT NULL,
  `type` varchar(20) NOT NULL DEFAULT 'car',
  `job` varchar(20) DEFAULT NULL,
  `stored` tinyint(4) NOT NULL DEFAULT 0,
  `parking` VARCHAR(60) DEFAULT NULL,
  `pound` VARCHAR(60) DEFAULT NULL
) ENGINE=InnoDB;

-- --------------------------------------------------------

--
-- Table structure for table `rented_vehicles`
--

CREATE TABLE `rented_vehicles` (
  `vehicle` varchar(60) NOT NULL,
  `plate` varchar(12) NOT NULL,
  `player_name` varchar(255) NOT NULL,
  `base_price` int(11) NOT NULL,
  `rent_price` int(11) NOT NULL,
  `owner` varchar(22) NOT NULL
) ENGINE=InnoDB;

--
-- Table structure for table `society_moneywash`
--

CREATE TABLE `society_moneywash` (
  `id` int(11) NOT NULL,
  `identifier` varchar(60) NOT NULL,
  `society` varchar(60) NOT NULL,
  `amount` int(11) NOT NULL
) ENGINE=InnoDB;

-- --------------------------------------------------------

--
-- Table structure for table `users`
--

CREATE TABLE `users` (
  `identifier` varchar(60) NOT NULL,
	`ssn` VARCHAR(11) NOT NULL,
  `accounts` longtext DEFAULT NULL,
  `group` varchar(50) DEFAULT 'user',
  `inventory` longtext DEFAULT NULL,
  `job` varchar(20) DEFAULT 'unemployed',
  `job_grade` int(11) DEFAULT 0,
  `loadout` longtext DEFAULT NULL,
  `metadata` LONGTEXT NULL DEFAULT NULL,
  `position` longtext NULL DEFAULT NULL,
  `firstname` varchar(16) DEFAULT NULL,
  `lastname` varchar(16) DEFAULT NULL,
  `dateofbirth` varchar(10) DEFAULT NULL,
  `sex` varchar(1) DEFAULT NULL,
  `height` int(11) DEFAULT NULL,
  `skin` longtext DEFAULT NULL,
  `status` longtext DEFAULT NULL,
  `is_dead` tinyint(1) DEFAULT 0,
  `id` int(11) NOT NULL,
  `disabled` TINYINT(1) NULL DEFAULT '0',
  `last_property` varchar(255) DEFAULT NULL,
  `created_at` timestamp NULL DEFAULT CURRENT_TIMESTAMP,
  `last_seen` timestamp NULL DEFAULT NULL ON UPDATE CURRENT_TIMESTAMP,
  `phone_number` VARCHAR(20) DEFAULT NULL
) ENGINE=InnoDB;

-- --------------------------------------------------------

--
-- Table structure for table `user_licenses`
--

CREATE TABLE `user_licenses` (
  `id` int(11) NOT NULL,
  `type` varchar(60) NOT NULL,
  `owner` varchar(60) NOT NULL
) ENGINE=InnoDB;


--
-- Table structure for table `vehicles`
--

CREATE TABLE `vehicles` (
  `name` varchar(60) NOT NULL,
  `model` varchar(60) NOT NULL,
  `price` int(11) NOT NULL,
  `category` varchar(60) DEFAULT NULL
) ENGINE=InnoDB;


-- --------------------------------------------------------

--
-- Table structure for table `vehicle_categories`
--

CREATE TABLE `vehicle_categories` (
  `name` varchar(60) NOT NULL,
  `label` varchar(60) NOT NULL
) ENGINE=InnoDB;

-- --------------------------------------------------------

--
-- Table structure for table `vehicle_sold`
--

CREATE TABLE `vehicle_sold` (
  `id` int(11) NOT NULL AUTO_INCREMENT,
  `client` varchar(50) NOT NULL,
  `model` varchar(50) NOT NULL,
  `plate` varchar(50) NOT NULL,
  `soldby` varchar(50) NOT NULL,
  `date` varchar(50) NOT NULL,
   PRIMARY KEY (`id`)
) ENGINE=InnoDB;

--
-- Table structure for table `whitelist`
--

CREATE TABLE `whitelist` (
	`identifier` varchar(60) NOT NULL
) ENGINE=InnoDB DEFAULT CHARSET=utf8;

--
-- Indexes for dumped tables
--

--
-- Indexes for table `addon_account`
--
ALTER TABLE `addon_account`
  ADD PRIMARY KEY (`name`);

--
-- Indexes for table `addon_account_data`
--
ALTER TABLE `addon_account_data`
  ADD PRIMARY KEY (`id`),
  ADD UNIQUE KEY `index_addon_account_data_account_name_owner` (`account_name`,`owner`),
  ADD KEY `index_addon_account_data_account_name` (`account_name`);

--
-- Indexes for table `addon_inventory`
--
ALTER TABLE `addon_inventory`
  ADD PRIMARY KEY (`name`);

--
-- Indexes for table `addon_inventory_items`
--
ALTER TABLE `addon_inventory_items`
  ADD PRIMARY KEY (`id`),
  ADD KEY `index_addon_inventory_items_inventory_name_name` (`inventory_name`,`name`),
  ADD KEY `index_addon_inventory_items_inventory_name_name_owner` (`inventory_name`,`name`,`owner`),
  ADD KEY `index_addon_inventory_inventory_name` (`inventory_name`);

--
-- Indexes for table `billing`
--
ALTER TABLE `billing`
  ADD PRIMARY KEY (`id`);

--
-- Indexes for table `cardealer_vehicles`
--
ALTER TABLE `cardealer_vehicles`
  ADD PRIMARY KEY (`id`);

--
-- Indexes for table `datastore`
--
ALTER TABLE `datastore`
  ADD PRIMARY KEY (`name`);

--
-- Indexes for table `datastore_data`
--
ALTER TABLE `datastore_data`
  ADD PRIMARY KEY (`id`),
  ADD UNIQUE KEY `index_datastore_data_name_owner` (`name`,`owner`),
  ADD KEY `index_datastore_data_name` (`name`);

--
-- Indexes for table `items`
--
ALTER TABLE `items`
  ADD PRIMARY KEY (`name`);

--
-- Indexes for table `jobs`
--
ALTER TABLE `jobs`
  ADD PRIMARY KEY (`name`);

--
-- Indexes for table `job_grades`
--
ALTER TABLE `job_grades`
  ADD PRIMARY KEY (`id`);

--
-- Indexes for table `licenses`
--
ALTER TABLE `licenses`
  ADD PRIMARY KEY (`type`);

--
--
-- Indexes for table `owned_vehicles`
--
ALTER TABLE `owned_vehicles`
  ADD PRIMARY KEY (`plate`);

--
--
-- Indexes for table `vehicles`
--
ALTER TABLE `vehicles`
  ADD PRIMARY KEY (`model`);

--
-- Indexes for table `rented_vehicles`
--
ALTER TABLE `rented_vehicles`
  ADD PRIMARY KEY (`plate`);

--
-- Indexes for table `society_moneywash`
--
ALTER TABLE `society_moneywash`
  ADD PRIMARY KEY (`id`);

--
-- Indexes for table `users`
--
ALTER TABLE `users`
  ADD PRIMARY KEY (`identifier`),
  ADD UNIQUE KEY `id` (`id`);

ALTER TABLE `users`
  ADD UNIQUE KEY `unique_ssn` (`ssn`);

--
-- Indexes for table `user_licenses`
--
ALTER TABLE `user_licenses`
  ADD PRIMARY KEY (`id`);

--
-- Indexes for table `vehicle_categories`
--
ALTER TABLE `vehicle_categories`
  ADD PRIMARY KEY (`name`);

--
-- Indexes for table `whitelist`
--
ALTER TABLE `whitelist`
  ADD PRIMARY KEY (`identifier`);

--
-- AUTO_INCREMENT for table `addon_account_data`
--
ALTER TABLE `addon_account_data`
  MODIFY `id` int(11) NOT NULL AUTO_INCREMENT, AUTO_INCREMENT=9;

--
-- AUTO_INCREMENT for table `addon_inventory_items`
--
ALTER TABLE `addon_inventory_items`
  MODIFY `id` int(11) NOT NULL AUTO_INCREMENT;

--
-- AUTO_INCREMENT for table `billing`
--
ALTER TABLE `billing`
  MODIFY `id` int(11) NOT NULL AUTO_INCREMENT;

--
-- AUTO_INCREMENT for table `cardealer_vehicles`
--
ALTER TABLE `cardealer_vehicles`
  MODIFY `id` int(11) NOT NULL AUTO_INCREMENT;

--
-- AUTO_INCREMENT for table `datastore_data`
--
ALTER TABLE `datastore_data`
  MODIFY `id` int(11) NOT NULL AUTO_INCREMENT, AUTO_INCREMENT=6;

--
-- AUTO_INCREMENT for table `job_grades`
--
ALTER TABLE `job_grades`
  MODIFY `id` int(11) NOT NULL AUTO_INCREMENT, AUTO_INCREMENT=36;


-- AUTO_INCREMENT for table `society_moneywash`
--
ALTER TABLE `society_moneywash`
  MODIFY `id` int(11) NOT NULL AUTO_INCREMENT;

--
-- AUTO_INCREMENT for table `users`
--
ALTER TABLE `users`
  MODIFY `id` int(11) NOT NULL AUTO_INCREMENT, AUTO_INCREMENT=3;

--
-- AUTO_INCREMENT for table `user_licenses`
--
ALTER TABLE `user_licenses`
  MODIFY `id` int(11) NOT NULL AUTO_INCREMENT;
  
--
-- Fine Types
--
	CREATE TABLE `fine_types` (
	`id` int NOT NULL AUTO_INCREMENT,
	`label` varchar(255) DEFAULT NULL,
	`amount` int DEFAULT NULL,
	`category` int DEFAULT NULL,

	PRIMARY KEY (`id`)
) ENGINE=InnoDB;



--
-- ESX Bankerjob
--

INSERT INTO `addon_account` (name, label, shared) VALUES
	('society_banker','Bank',1),
	('bank_savings','Savings account',0)
;

INSERT INTO `jobs` (name, label) VALUES
	('banker','Banker')
;

INSERT INTO `job_grades` (job_name, grade, name, label, salary, skin_male, skin_female) VALUES
	('banker',0,'advisor','Consultant',10,'{}','{}'),
	('banker',1,'banker','Banker',20,'{}','{}'),
	('banker',2,'business_banker',"Investment banker",30,'{}','{}'),
	('banker',3,'trader','Broker',40,'{}','{}'),
	('banker',4,'boss','Boss',0,'{}','{}')
;

--
-- ESX Banking
--

CREATE TABLE IF NOT EXISTS `banking` (
  `identifier` varchar(46) DEFAULT NULL,
  `type` varchar(50) DEFAULT NULL,
  `amount` int(64) DEFAULT NULL,
  `time` bigint(20) DEFAULT NULL,
  `ID` int(11) NOT NULL AUTO_INCREMENT,
  `balance` int(11) DEFAULT 0,
  `label` varchar(255) DEFAULT NULL,
  PRIMARY KEY (`ID`)
) ENGINE=InnoDB AUTO_INCREMENT=1 DEFAULT CHARSET=utf8mb4;

ALTER TABLE `users` ADD COLUMN `pincode` INT NULL;